{
    "Current Quarter Prediction": {
        "BFSI": 466.156860248,
        "COMM": 70.5688762824,
        "CBU": 212.6316036609,
        "ENU": 205.9096200097,
        "HEALTH": 133.0938846971,
        "MFG": 139.5048201151,
        "TECH": 218.829813603
    }
}