{
    "TMM": {
        "BFSI": 26656.61403,
        "CBU": 10623.751355,
        "HLS": 6236.69184,
        "MFG": 19673.57699,
        "TECH": 19673.57699,
        "ENU": 9392.475655,
        "COMM": 3339.73229
    },
    "FPP_PERC": {
        "BFSI": 50,
        "CBU": 70,
        "HLS": 75,
        "MFG": 67,
        "TECH": 67,
        "ENU": 78,
        "COMM": 72
    },
    "TM_PERC": {
        "BFSI": 50,
        "CBU": 30,
        "HLS": 25,
        "MFG": 23,
        "TECH": 23,
        "ENU": 22,
        "COMM": 28
    }
}