{
    "sbu": {
        "TMM": {
            "BFSI": 26656.61403,
            "CBU": 10623.751355,
            "HLS": 6236.69184,
            "MFG": 19673.57699,
            "TECH": 19673.57699,
            "ENU": 9392.475655,
            "COMM": 3339.73229
        },
        "FPP_PERC": {
            "BFSI": 50,
            "CBU": 70,
            "HLS": 75,
            "MFG": 67,
            "TECH": 67,
            "ENU": 78,
            "COMM": 72
        },
        "TM_PERC": {
            "BFSI": 50,
            "CBU": 30,
            "HLS": 25,
            "MFG": 23,
            "TECH": 23,
            "ENU": 22,
            "COMM": 28
        }
    },
    "vertical": {
        "TMM": {
            "AERO & DEFENCE": 126.68821,
            "APPLE": 1049.567,
            "AUTOMOTIVE": 1971.449,
            "BFS AMERICAS": 4922.129,
            "BFS APAC": 779.275,
            "BFS EUROPE": 2593.55,
            "BP": 421.697,
            "CITOS": 2179.4318,
            "COMMS - EGM": 2123.812,
            "COMMS - NA": 745.501,
            "CPG": 3947.098,
            "DEVICES": 1149.7747,
            "ENERGY & NR": 4007.166,
            "EPC": 798.579,
            "HC P&P": 827.6524,
            "HP": 827.6524,
            "HTTP": 2327.5963,
            "INSURANCE": 3272.246,
            "IPM - APAC": 244.49643,
            "IPM - EUROPE": 1860.12858,
            "IPM - US": 1794.23217,
            "LBG": 3723.1736,
            "NEPC": 5408.098,
            "NME": 1194.922275,
            "PHARMA": 1282.228115,
            "PSD": 1282.228115,
            "PSP": 1590.53611,
            "RETAIL": 3032.8789,
            "SECURITIES & IB": 3507.38,
            "SEMICONDUCTORS": 4588.79,
            "SERVICES": 208.215,
            "SUB": 2505.517,
            "UTILITIES": 4594.697
        },
        "FPP_PERC": {
            "AERO & DEFENCE": 61.265,
            "APPLE": 3.965,
            "AUTOMOTIVE": 47.514,
            "BFS AMERICAS": 37.45,
            "BFS APAC": 46.0768,
            "BFS EUROPE": 41.866,
            "BP": 0.632,
            "CITOS": 91.51,
            "COMMS - EGM": 73.0159,
            "COMMS - NA": 52.554,
            "CPG": 67.885,
            "DEVICES": 71.583,
            "ENERGY & NR": 69.3587,
            "EPC": 90.427,
            "HC P&P": 52.2925,
            "HP": 52.2925,
            "HTTP": 80.959,
            "INSURANCE": 55.10175,
            "IPM - APAC": 93.1272738829,
            "IPM - EUROPE": 84.439824047,
            "IPM - US": 76.0070470702,
            "LBG": 69.7476,
            "NEPC": 65.373,
            "NME": 79.0168931973,
            "PHARMA": 83.8493830094,
            "PSD": 83.8493830094,
            "PSP": 80.7136719684,
            "RETAIL": 52.9683926797,
            "SECURITIES & IB": 26.801,
            "SEMICONDUCTORS": 75.47,
            "SERVICES": 60.88,
            "SUB": 37.803,
            "UTILITIES": 82.168
        },
        "TM_PERC": {
            "AERO & DEFENCE": 38.734,
            "APPLE": 96.034,
            "AUTOMOTIVE": 52.48,
            "BFS AMERICAS": 62.5451,
            "BFS APAC": 53.9231,
            "BFS EUROPE": 58.1336,
            "BP": 99.3674,
            "CITOS": 8.48,
            "COMMS - EGM": 26.984,
            "COMMS - NA": 47.4459,
            "CPG": 32.1148,
            "DEVICES": 28.41692,
            "ENERGY & NR": 30.6412,
            "EPC": 9.5726,
            "HC P&P": 47.707,
            "HP": 47.707,
            "HTTP": 19.04068,
            "INSURANCE": 44.898,
            "IPM - APAC": 6.8727261171,
            "IPM - EUROPE": 15.560175953,
            "IPM - US": 23.9929529298,
            "LBG": 30.252,
            "NEPC": 34.626,
            "NME": 20.9831068027,
            "PHARMA": 16.1506169906,
            "PSD": 16.1506169906,
            "PSP": 19.2863280316,
            "RETAIL": 47.0316073203,
            "SECURITIES & IB": 73.198,
            "SEMICONDUCTORS": 24.5273,
            "SERVICES": 39.11,
            "SUB": 62.196,
            "UTILITIES": 17.8314
        }
    }
}