{
    "Current Quarter Prediction": {
        "BFS AMERICAS": 105.47584135,
        "BFS APAC": 16.1254344367,
        "BFS EUROPE": 39.6427420879,
        "BP": 9.6285563175,
        "CITOS": 58.9179412324,
        "INSURANCE": 69.4251116147,
        "LBG": 60.2158023837,
        "SECURITIES & IB": 67.9100990914,
        "SUB": 38.8153317337,
        "COMMS - EGM": 46.9575826268,
        "COMMS - NA": 23.6112936556,
        "CPG": 79.4012753468,
        "HTTP": 41.4734790025,
        "NME": 20.5582221861,
        "RETAIL": 71.1986271255,
        "ENERGY & NR": 71.1442321006,
        "EPC": 23.1715964951,
        "UTILITIES": 111.593791414,
        "DEVICES": 30.2417448124,
        "HC P&P": 32.071081725,
        "PHARMA": 66.4434437147,
        "SERVICES": 4.337614445,
        "AERO & DEFENCE": 3.8285549677,
        "AUTOMOTIVE": 38.7066983344,
        "IPM - APAC": 6.1414813681,
        "IPM - EUROPE": 47.6619248406,
        "IPM - US": 43.1661606043,
        "APPLE": 22.2921856198,
        "HP": 20.0328576916,
        "NEPC": 87.2788575007,
        "PSD": 29.1174309328,
        "PSP": 34.6002842428,
        "SEMICONDUCTORS": 25.5081976153
    }
}